run_id,model_name,metric_name,phase,mean,var,data_length
ce626219b91c4967bc8302fd8be46570,resnet50_add_2_imagenet,loss,stitching,1.1052899481878926,2.8852264582243974,12811
ce626219b91c4967bc8302fd8be46570,resnet50_add_2_imagenet,loss,downstream,1.1004018664036705,2.8571088740657546,12811
33ac3124ae4545bfad204abcb80cf059,resnet34_add_2_imagenet,loss,stitching,1.1618030206150831,3.034870612185828,12811
33ac3124ae4545bfad204abcb80cf059,resnet34_add_2_imagenet,loss,downstream,1.0792192707152495,2.739494789423484,12811
8e2a966abb964a42a55f458de713e064,resnet50_add_6_imagenet,loss,stitching,1.0914908765176512,2.8328792010482995,12811
8e2a966abb964a42a55f458de713e064,resnet50_add_6_imagenet,loss,downstream,1.0860295938992819,2.794332603847879,12811
254fee5423c74ed1a2200df1cc670d25,resnet50_add_5_imagenet,loss,stitching,1.0974638219146893,2.8417515067032464,12811
254fee5423c74ed1a2200df1cc670d25,resnet50_add_5_imagenet,loss,downstream,1.0580288395772102,2.5812976170259856,12811
107771ffbe9644b58b81edc714f55214,resnet50_add_6_imagenet,loss,stitching,1.132378644488465,2.9682573707868296,12811
107771ffbe9644b58b81edc714f55214,resnet50_add_6_imagenet,loss,downstream,1.1262254660988005,2.926312670811416,12811
378f45acee5a4a11a88d135f51d15973,resnet34_add_6_imagenet,loss,stitching,1.1639078884010872,2.9824825027650186,12811
378f45acee5a4a11a88d135f51d15973,resnet34_add_6_imagenet,loss,downstream,1.0965759723206128,2.697958544964632,12811
3cab783d65e742808a8d2d8434e2eb08,resnet34_add_14_imagenet,loss,stitching,1.16847453828616,2.760670325722066,12811
3cab783d65e742808a8d2d8434e2eb08,resnet34_add_14_imagenet,loss,downstream,1.2022462682559474,2.8106435359446538,12811
78d5a565f7fa45edb1778b5ebf3cf720,resnet50_add_14_imagenet,loss,stitching,1.240519904615614,3.1916067621268494,12811
78d5a565f7fa45edb1778b5ebf3cf720,resnet50_add_14_imagenet,loss,downstream,1.1084931448649795,2.2927811940931324,12811
3955dff9f4a548d28c8a9cd37956a9c6,resnet50_add_3_imagenet,loss,stitching,0.8485899625071918,2.375926467492309,12811
3955dff9f4a548d28c8a9cd37956a9c6,resnet50_add_3_imagenet,loss,downstream,0.8405176685298589,2.220526383615016,12811
e419e18b90774c18a23dc1295d0cac28,resnet50_add_4_imagenet,loss,stitching,0.8494332908860885,2.3485747484478816,12811
e419e18b90774c18a23dc1295d0cac28,resnet50_add_4_imagenet,loss,downstream,0.830542483186247,2.183250850995729,12811
55aaf081a9c048bc8045a0a54dcfb81d,resnet18_add_3_imagenet,loss,stitching,0.8918001456295686,2.4575538488038307,12811
55aaf081a9c048bc8045a0a54dcfb81d,resnet18_add_3_imagenet,loss,downstream,0.8853494375050274,2.368339631559677,12811
a7022ab04cac428f8a61ae5fe5ec81cc,resnet50_add_5_imagenet,loss,stitching,0.9051894092260917,2.493526899866964,12811
a7022ab04cac428f8a61ae5fe5ec81cc,resnet50_add_5_imagenet,loss,downstream,0.8709526817378543,2.2545231067136524,12811
02f3f6f161314b2d9016980fcb94c291,resnet18_add_3_imagenet,loss,stitching,0.9197810331802212,2.549099578716603,12811
02f3f6f161314b2d9016980fcb94c291,resnet18_add_3_imagenet,loss,downstream,0.9150987890036135,2.4497816569172284,12811
be95ce1cb7ad4cee9806828c98f7c4fc,resnet50_add_6_imagenet,loss,stitching,0.9288320260090616,2.615492762469024,12811
be95ce1cb7ad4cee9806828c98f7c4fc,resnet50_add_6_imagenet,loss,downstream,0.8829363139670654,2.2873013568366556,12811
92f6607711c14ae4ab42676a7ae79a82,resnet50_add_10_imagenet,loss,stitching,0.9116343663618094,2.3222184212591803,12811
92f6607711c14ae4ab42676a7ae79a82,resnet50_add_10_imagenet,loss,downstream,0.88180920879434,2.179224971530928,12811
35f32bce119e4360baa107cfe87f4feb,resnet50_add_11_imagenet,loss,stitching,0.9479377092262348,2.510261890820067,12811
35f32bce119e4360baa107cfe87f4feb,resnet50_add_11_imagenet,loss,downstream,0.8505561324914912,2.1084456319192175,12811
79a728f860194a87bc55a085fb03eb99,resnet50_add_11_imagenet,loss,stitching,0.933190936824376,2.6273089630253925,12811
79a728f860194a87bc55a085fb03eb99,resnet50_add_11_imagenet,loss,downstream,0.9257078569864361,2.5301903733660813,12811
6f32f5e493f347c1ae6918b32f09b88f,resnet50_add_10_imagenet,loss,stitching,0.9335767097213816,2.3518538595777025,12811
6f32f5e493f347c1ae6918b32f09b88f,resnet50_add_10_imagenet,loss,downstream,0.8642723775156792,2.096547671613277,12811
717c9c811ec74d0895522c4b24c582dd,resnet50_add_11_imagenet,loss,stitching,0.9471680234281684,2.5959447520453303,12811
717c9c811ec74d0895522c4b24c582dd,resnet50_add_11_imagenet,loss,downstream,0.9388627758188236,2.507810690835213,12811
4493932f174148abb5731738af33d64f,resnet50_add_10_imagenet,loss,stitching,1.0072420491567953,2.7460375596556,12811
4493932f174148abb5731738af33d64f,resnet50_add_10_imagenet,loss,downstream,0.8875584418507262,2.158438312552803,12811
c3ca83ecd2834238a62fb431594f69f6,resnet50_add_12_imagenet,loss,stitching,0.9484488948587281,2.4714004329221217,12811
c3ca83ecd2834238a62fb431594f69f6,resnet50_add_12_imagenet,loss,downstream,0.9422596211158901,2.414478787887721,12811
e09d485d7be24c7d9f3ae4b15c4f8871,resnet50_add_10_imagenet,loss,stitching,1.09767716595681,2.8304740152490373,12811
e09d485d7be24c7d9f3ae4b15c4f8871,resnet50_add_10_imagenet,loss,downstream,0.9151343462871865,2.188777588836153,12811
ec5dca12357b4e7d89b833366707d3cb,resnet34_add_imagenet,loss,stitching,1.1611984005448976,0.8490837377714706,12811
ec5dca12357b4e7d89b833366707d3cb,resnet34_add_imagenet,loss,downstream,1.175004380006056,0.8564240277053582,12811
4b1281c060e4445199764102a9c2b016,resnet18_add_imagenet,loss,stitching,1.1691294962620016,0.8660367345264213,12811
4b1281c060e4445199764102a9c2b016,resnet18_add_imagenet,loss,downstream,1.1562827405990974,0.8783734726668389,12811
2ab76328502f4b6d805418ad9e004c27,resnet34_add_1_imagenet,loss,stitching,1.1739797590442398,0.8783079788269852,12811
2ab76328502f4b6d805418ad9e004c27,resnet34_add_1_imagenet,loss,downstream,1.1829710176253654,0.8944558602189032,12811
67c543d6dc264fb486148572150288fa,resnet34_add_2_imagenet,loss,stitching,1.1854181429089905,0.8936680865488923,12811
67c543d6dc264fb486148572150288fa,resnet34_add_2_imagenet,loss,downstream,1.170742367510798,0.8756559092945974,12811
412f3e53d0754336abb33ede2f20d4b3,resnet34_add_3_imagenet,loss,stitching,1.168839224500509,0.8661668283429448,12811
412f3e53d0754336abb33ede2f20d4b3,resnet34_add_3_imagenet,loss,downstream,1.1954886171073786,0.941793859406013,12811
998d7fae023540eab8c53ad38ad43663,resnet18_add_2_imagenet,loss,stitching,1.185406052937172,0.9004804328983375,12811
998d7fae023540eab8c53ad38ad43663,resnet18_add_2_imagenet,loss,downstream,1.1874217630907287,0.9861139067460316,12811
67010be217dc466db6c0920537d23256,resnet34_add_5_imagenet,loss,stitching,1.2106453222635147,0.939061871853533,12811
67010be217dc466db6c0920537d23256,resnet34_add_5_imagenet,loss,downstream,1.244460824279455,0.9942531462804017,12811
0b5e519374b046f7a6a8fcab285014c8,resnet34_add_6_imagenet,loss,stitching,1.2552148294160745,1.0169489617284018,12811
0b5e519374b046f7a6a8fcab285014c8,resnet34_add_6_imagenet,loss,downstream,1.2018770004948498,1.0107842103717792,12811
5e8c19e7543b4682949aede9f07e5ffe,resnet18_add_3_imagenet,loss,stitching,1.2447669353179356,1.0051464812146933,12811
5e8c19e7543b4682949aede9f07e5ffe,resnet18_add_3_imagenet,loss,downstream,1.2395496568719688,1.0556937273842668,12811
0f0a12e78f15486e8f04d6f48cdefdd8,resnet34_add_6_imagenet,loss,stitching,1.2567488945016045,1.0300313786628845,12811
0f0a12e78f15486e8f04d6f48cdefdd8,resnet34_add_6_imagenet,loss,downstream,1.2294665059533778,0.9849639634693493,12811
112ad788bc544152bd7eb6ed33b19e5e,resnet34_add_7_imagenet,loss,stitching,1.2556740487980598,0.987128241218833,12811
112ad788bc544152bd7eb6ed33b19e5e,resnet34_add_7_imagenet,loss,downstream,1.2818446820618543,1.0966248550911097,12811
d3f2874cd2c44fcaaeff88b70b1612e1,resnet34_add_9_imagenet,loss,stitching,1.2675456273038737,1.019238165281252,12811
d3f2874cd2c44fcaaeff88b70b1612e1,resnet34_add_9_imagenet,loss,downstream,1.2547881641443381,1.0668784821946609,12811
377f526af81e4998a9b7c6267fdd8573,resnet34_add_13_imagenet,loss,stitching,1.4906493930388067,1.4307537337505367,12811
377f526af81e4998a9b7c6267fdd8573,resnet34_add_13_imagenet,loss,downstream,1.480316034605638,1.4775205744148243,12811
c9794a1a91414d3eb967d987d3cc1893,resnet34_add_14_imagenet,loss,stitching,1.504872391675173,1.5072940665251895,12811
c9794a1a91414d3eb967d987d3cc1893,resnet34_add_14_imagenet,loss,downstream,1.476271022677343,1.537500175193535,12811
d72cbb857b7c46eda252d8325b3f9d0a,resnet34_add_15_imagenet,loss,stitching,1.8860366502159318,2.0692135161279284,12811
d72cbb857b7c46eda252d8325b3f9d0a,resnet34_add_15_imagenet,loss,downstream,2.0427865332848882,2.966148602445861,12811
317c6ec72b3d4e2280bd82e27e7ef106,resnet34_add_14_imagenet,loss,stitching,1.9775077974765194,2.0086982268969265,12811
317c6ec72b3d4e2280bd82e27e7ef106,resnet34_add_14_imagenet,loss,downstream,1.9961930693087835,2.4110372980790142,12811
