run_id,model_name,metric_name,phase,mean,var
e3e4d0bbba094b7d958fc8e3b49c1242,resnet50_add_2_imagenet,loss,stitching,3479.527118168928,102300261109.28484
e3e4d0bbba094b7d958fc8e3b49c1242,resnet50_add_2_imagenet,loss,downstream,3922.207527365077,134018412120.31621
250ab37ec456440791efb68ff3592c66,resnet34_add_2_imagenet,loss,stitching,19280.854801905523,3751379573436.139
250ab37ec456440791efb68ff3592c66,resnet34_add_2_imagenet,loss,downstream,8745.41459717727,555811316652.7795
3a5e1d3f0f7140d6b6e03b0891ae17cc,resnet34_add_4_imagenet,loss,stitching,64171.7731383338,51968570596180.76
3a5e1d3f0f7140d6b6e03b0891ae17cc,resnet34_add_4_imagenet,loss,downstream,68662.82728530456,59502319149986.7
e52d50e9e1854130b270a0c175f6b42c,resnet50_add_5_imagenet,loss,stitching,13517.4842734596,2046798612658.5303
e52d50e9e1854130b270a0c175f6b42c,resnet50_add_5_imagenet,loss,downstream,38200.14399295447,18080565645122.18
ed1ca1bdbed34f4085b1328dd30429a7,resnet34_add_7_imagenet,loss,stitching,129253.07308993158,211865908526282.1
ed1ca1bdbed34f4085b1328dd30429a7,resnet34_add_7_imagenet,loss,downstream,126942.8567877551,204009045609909.53
4aeea24d3c944db8a9ef2fd93b912fd8,resnet50_add_5_imagenet,loss,stitching,3345.564211177972,68519390024.72516
4aeea24d3c944db8a9ef2fd93b912fd8,resnet50_add_5_imagenet,loss,downstream,4036.6088493361576,87852286454.43768
98dc544dcec44fb0b1bb561b90a97db7,resnet50_add_10_imagenet,loss,stitching,1149.6564625055335,5633295305.092457
98dc544dcec44fb0b1bb561b90a97db7,resnet50_add_10_imagenet,loss,downstream,1144.1995329768497,5496193966.324531
b0172fc17f8c4ee784182c6ab00844fc,resnet50_add_12_imagenet,loss,stitching,1089.5301601919145,3731567213.4096065
b0172fc17f8c4ee784182c6ab00844fc,resnet50_add_12_imagenet,loss,downstream,2870.805806110838,57303766579.5818
5125573c43354ec8aaaa0329c11c73c4,resnet50_add_10_imagenet,loss,stitching,3700.673064932759,100432033140.07224
5125573c43354ec8aaaa0329c11c73c4,resnet50_add_10_imagenet,loss,downstream,3759.7789401708515,105081139464.16563
c1455b9aaa634605853b9bf41ea9013b,resnet50_add_9_imagenet,loss,stitching,1203.1868885619083,4248520326.713279
c1455b9aaa634605853b9bf41ea9013b,resnet50_add_9_imagenet,loss,downstream,3115.9143112117176,36780230951.90709
ab8aed2f35fa4f54aa8a19b881ea48e8,resnet18_add_2_imagenet,loss,stitching,3918.913650118966,177469162687.08923
ab8aed2f35fa4f54aa8a19b881ea48e8,resnet18_add_2_imagenet,loss,downstream,4156.738516662799,200436468899.07837
a61a64cf2a4c458db19f9f0eb4935449,resnet50_add_5_imagenet,loss,stitching,342.6348789809967,332453634.7948992
a61a64cf2a4c458db19f9f0eb4935449,resnet50_add_5_imagenet,loss,downstream,792.2903760492454,4928110613.857263
63ffbd23a76c42979a8cf0cc21838bc3,resnet18_add_3_imagenet,loss,stitching,2311.7270712023274,55925883347.847305
63ffbd23a76c42979a8cf0cc21838bc3,resnet18_add_3_imagenet,loss,downstream,2637.2200283956927,75708395272.12398
5f989c4d8d2c4972b4d3afe79e5e160c,resnet50_add_5_imagenet,loss,stitching,2931.3068878542513,92832440760.09924
5f989c4d8d2c4972b4d3afe79e5e160c,resnet50_add_5_imagenet,loss,downstream,3527.9982041478324,132857293069.0223
67884f1a1c9d4189ae91493494ff65c2,resnet18_add_3_imagenet,loss,stitching,1717.142363062555,30085838231.45161
67884f1a1c9d4189ae91493494ff65c2,resnet18_add_3_imagenet,loss,downstream,1983.7200258963032,41140827565.21341
cfc0f8e094f4425a86dfcddc8dd0e504,resnet50_add_8_imagenet,loss,stitching,2242.712071444361,34215839046.691914
cfc0f8e094f4425a86dfcddc8dd0e504,resnet50_add_8_imagenet,loss,downstream,1010.0288675638807,7067675377.259219
ea99130510814cafa7f6305d48c5edd8,resnet50_add_11_imagenet,loss,stitching,15538.276736906371,3031464978551.149
ea99130510814cafa7f6305d48c5edd8,resnet50_add_11_imagenet,loss,downstream,16310.865493188709,3345285311389.845
816854f916f949aaa4ffc7bb9cdfa85a,resnet50_add_12_imagenet,loss,stitching,1309716.9016940587,2.196241413187902e+16
816854f916f949aaa4ffc7bb9cdfa85a,resnet50_add_12_imagenet,loss,downstream,1121017.8916166523,1.6090740526331856e+16
e85c981ded6e4e7a817b7fd232a23769,resnet50_add_10_imagenet,loss,stitching,294561.6085928648,1109549659684152.9
e85c981ded6e4e7a817b7fd232a23769,resnet50_add_10_imagenet,loss,downstream,287950.3710123058,1060279571706099.0
b9272cdc9448421ca4cefd2348fa4210,resnet50_add_9_imagenet,loss,stitching,199146.18308320388,505840684977711.44
b9272cdc9448421ca4cefd2348fa4210,resnet50_add_9_imagenet,loss,downstream,56336.6169567216,40409817057295.69
bbe4f1e04ca94e43a63e481a330e461e,resnet50_add_11_imagenet,loss,stitching,179000.00709345113,408863215256836.3
bbe4f1e04ca94e43a63e481a330e461e,resnet50_add_11_imagenet,loss,downstream,208507.09641956587,555082696920419.56
de9c6788794f468d8e89985676f26c68,resnet50_add_10_imagenet,loss,stitching,259492.74236033086,859470057114933.2
de9c6788794f468d8e89985676f26c68,resnet50_add_10_imagenet,loss,downstream,61626.27571147821,48197125034487.914
dc92aac5197741e9adca35cbae435722,resnet50_add_12_imagenet,loss,stitching,14475.131952053587,2542578534412.276
dc92aac5197741e9adca35cbae435722,resnet50_add_12_imagenet,loss,downstream,17148.76005427266,3591760340402.451
4fb2ea9e5cb34819b29ac29084f41441,resnet50_add_10_imagenet,loss,stitching,8318.361153591552,776208213514.579
4fb2ea9e5cb34819b29ac29084f41441,resnet50_add_10_imagenet,loss,downstream,17616.7174720265,3375168162014.5947
de3551873eac4262a0ca3f0a4540cb16,resnet50_add_12_imagenet,loss,stitching,2431.5520468202235,60885762146.09771
de3551873eac4262a0ca3f0a4540cb16,resnet50_add_12_imagenet,loss,downstream,4730.195144450881,243933248732.7045
a5b65e8636b14af6ab1f26594ee81fd4,resnet50_add_15_imagenet,loss,stitching,138.6735307287413,2556686.520382714
a5b65e8636b14af6ab1f26594ee81fd4,resnet50_add_15_imagenet,loss,downstream,17510.80503147918,3469554748577.4
85402661de1e49b98f65240bec2c8fb2,resnet34_add_1_imagenet,loss,stitching,9.633858710944748,2909.436715845576
85402661de1e49b98f65240bec2c8fb2,resnet34_add_1_imagenet,loss,downstream,57.74347996193262,2630730.3887452264
4e2c562490b2473bb24f72d6c691bd44,resnet34_add_2_imagenet,loss,stitching,9.901869553402024,3209.3437400210278
4e2c562490b2473bb24f72d6c691bd44,resnet34_add_2_imagenet,loss,downstream,55.3497475388529,1915481.2336942705
179ecf64c8674d1caec62a85dfcafc5a,resnet34_add_3_imagenet,loss,stitching,12.561472083532124,10904.795648797077
179ecf64c8674d1caec62a85dfcafc5a,resnet34_add_3_imagenet,loss,downstream,59.9433887940085,3024458.967244585
cb346305f1064f64a4e4fe50b7ba517c,resnet34_add_4_imagenet,loss,stitching,10.987198088803055,4615.749293061162
cb346305f1064f64a4e4fe50b7ba517c,resnet34_add_4_imagenet,loss,downstream,76.156556366504,4567549.418671005
e9f1647d3ba24214914697b7279b1da7,resnet34_add_5_imagenet,loss,stitching,11.75431658157572,5948.692982524943
e9f1647d3ba24214914697b7279b1da7,resnet34_add_5_imagenet,loss,downstream,49.76787684852153,1790698.886832188
2e16016b67144d838aba4812461d3083,resnet34_add_3_imagenet,loss,stitching,11.58729447199006,3894.246892698722
2e16016b67144d838aba4812461d3083,resnet34_add_3_imagenet,loss,downstream,62.14812930971671,3221515.657668623
194b627944a0444fa31fc0f1b51aa323,resnet18_add_3_imagenet,loss,stitching,12.509267917748497,7174.486315037075
194b627944a0444fa31fc0f1b51aa323,resnet18_add_3_imagenet,loss,downstream,82.45077774849814,4385962.343943532
e3881c255373445fa1c96182929d26fa,resnet34_add_7_imagenet,loss,stitching,13.592743223770789,5465.911008453288
e3881c255373445fa1c96182929d26fa,resnet34_add_7_imagenet,loss,downstream,65.97383020732047,3315095.299903638
986a3d0fb1f7418a8c7efa53cd34c3f0,resnet34_add_6_imagenet,loss,stitching,12.562958216820114,5165.9603964556745
986a3d0fb1f7418a8c7efa53cd34c3f0,resnet34_add_6_imagenet,loss,downstream,50.898750939425895,1252092.231239293
c9edec41b7fd43b0ac2451ba77d331c3,resnet34_add_5_imagenet,loss,stitching,13.414540106229003,5621.99194542164
c9edec41b7fd43b0ac2451ba77d331c3,resnet34_add_5_imagenet,loss,downstream,58.39770518674337,1682001.295386774
ff2ba7f76180478c82e9d2fc66c874cc,resnet34_add_10_imagenet,loss,stitching,36.80887382463428,788303.8270938566
ff2ba7f76180478c82e9d2fc66c874cc,resnet34_add_10_imagenet,loss,downstream,86.99899088343845,4791226.122325034
81cd81533e3c4f7e85cd9c58943e6447,resnet34_add_9_imagenet,loss,stitching,40.4583721120915,1310588.2480282537
81cd81533e3c4f7e85cd9c58943e6447,resnet34_add_9_imagenet,loss,downstream,49.08995798255085,2414153.8410583683
ccc9bb9e1d9945bd91fb1b71c827d9cc,resnet34_add_11_imagenet,loss,stitching,32.054233725744204,173758.20939893572
ccc9bb9e1d9945bd91fb1b71c827d9cc,resnet34_add_11_imagenet,loss,downstream,130.30464321527097,14361836.079727167
9e4fcd6b9c38402184df324e111e73f0,resnet34_add_9_imagenet,loss,stitching,29.36368178610202,147456.14539778614
9e4fcd6b9c38402184df324e111e73f0,resnet34_add_9_imagenet,loss,downstream,70.86012409724066,5137162.688770296
