run_id,model_name,metric_name,phase,mean,var,data_length
d66ef10b371a4dd3a5c5318f56ce00c0,resnet34_add_7_imagenet,loss,stitching,1.1236346617796085,2.8381737309207966,12811
d66ef10b371a4dd3a5c5318f56ce00c0,resnet34_add_7_imagenet,loss,downstream,1.1189493985735086,2.8014230528206654,12811
a7ea839393264e91b184d3d8a2c46817,resnet34_add_6_imagenet,loss,stitching,1.1478968140710917,2.918485876537449,12811
a7ea839393264e91b184d3d8a2c46817,resnet34_add_6_imagenet,loss,downstream,1.0540963271772554,2.583711988324219,12811
1f4426b0f6894526a68f90b1d0253a33,resnet34_add_11_imagenet,loss,stitching,1.2055308118308992,2.8859305702004496,12811
1f4426b0f6894526a68f90b1d0253a33,resnet34_add_11_imagenet,loss,downstream,1.1944929530057278,2.8550283160211554,12811
a6808e83bafd4dc5ad17eab54a3035e1,resnet34_add_12_imagenet,loss,stitching,1.2062961528703264,2.900325388325008,12811
a6808e83bafd4dc5ad17eab54a3035e1,resnet34_add_12_imagenet,loss,downstream,1.193670180991156,2.864739427122619,12811
9cabbf24a3fc428b886096c5aeb8d435,resnet50_add_6_imagenet,loss,stitching,1.0146138047222006,2.8538615411921557,12811
9cabbf24a3fc428b886096c5aeb8d435,resnet50_add_6_imagenet,loss,downstream,1.0490704058084672,2.6369253894257207,12811
84b845f38e02434baffc3fe1ed812b3d,resnet18_add_3_imagenet,loss,stitching,1.0265849823510664,2.607875910442999,12811
84b845f38e02434baffc3fe1ed812b3d,resnet18_add_3_imagenet,loss,downstream,1.0448521958903527,2.2922093400292063,12811
ab135b09e22f4922b901e71e52b3f2a1,resnet50_add_11_imagenet,loss,stitching,1.0720057763596904,2.7929344402955687,12811
ab135b09e22f4922b901e71e52b3f2a1,resnet50_add_11_imagenet,loss,downstream,2.030563989152139,1.6431766571113953,12811
aae4a2470ad449eeab82c2cfa0c7dfa3,resnet18_add_5_imagenet,loss,stitching,1.1532497001357052,2.7557676785313014,12811
aae4a2470ad449eeab82c2cfa0c7dfa3,resnet18_add_5_imagenet,loss,downstream,1.1558595683337485,2.684048612056279,12811
70a870c4798d4fd1be6b0fe8b04abf94,resnet50_add_11_imagenet,loss,stitching,1.111793021773006,2.749265124218332,12811
70a870c4798d4fd1be6b0fe8b04abf94,resnet50_add_11_imagenet,loss,downstream,1.893159062932032,1.6318803466400373,12811
09f3e716466646e99cb184ccdd04a53c,resnet18_add_5_imagenet,loss,stitching,1.1876630783670457,2.815729065108683,12811
09f3e716466646e99cb184ccdd04a53c,resnet18_add_5_imagenet,loss,downstream,1.1880011749728003,2.7485332259240054,12811
a23a9d07ed2e44eea2c54097700a201d,resnet50_add_12_imagenet,loss,stitching,1.1354368613775396,2.6311969660726215,12811
a23a9d07ed2e44eea2c54097700a201d,resnet50_add_12_imagenet,loss,downstream,1.9140725995467522,1.6654783485921094,12811
b4b69cfd2e734c5391a9cf4d4d72752a,resnet18_add_5_imagenet,loss,stitching,1.1566056629615686,2.603243726259961,12811
b4b69cfd2e734c5391a9cf4d4d72752a,resnet18_add_5_imagenet,loss,downstream,1.1586892977238414,2.5894736054167087,12811
1e12fe207eb547a884b089d5318cc6bd,resnet50_add_14_imagenet,loss,stitching,1.2064192421270432,2.0354851295391843,12811
1e12fe207eb547a884b089d5318cc6bd,resnet50_add_14_imagenet,loss,downstream,1.8006490524749226,1.5022129288432702,12811
794a120b89614372b89204875ffdb45e,resnet18_add_6_imagenet,loss,stitching,1.3264463167874028,3.007536611358171,12811
794a120b89614372b89204875ffdb45e,resnet18_add_6_imagenet,loss,downstream,1.3219125954255433,2.9890776831322596,12811
01ed119ec0d349a0b1ea08d38c328ed4,resnet34_add_1_imagenet,loss,stitching,1.1956367814236473,1.0074200777806004,12811
01ed119ec0d349a0b1ea08d38c328ed4,resnet34_add_1_imagenet,loss,downstream,0.713025484248864,1.5738306281557324,12811
8cb39b3f21e14b579bb25e17b7ffb630,resnet34_add_2_imagenet,loss,stitching,1.2085767340589444,1.029247829191287,12811
8cb39b3f21e14b579bb25e17b7ffb630,resnet34_add_2_imagenet,loss,downstream,0.6961726987298114,1.4985001456271505,12811
cbf2a2724e37434bb9acecdc2e0b15f2,resnet34_add_3_imagenet,loss,stitching,0.9945979824018149,1.5315496005209124,12811
cbf2a2724e37434bb9acecdc2e0b15f2,resnet34_add_3_imagenet,loss,downstream,0.7477899074452375,1.6385921235505356,12811
83ba8dba044c4f4a818eb14b71ca9cad,resnet34_add_4_imagenet,loss,stitching,1.212340654822698,1.106161707184787,12811
83ba8dba044c4f4a818eb14b71ca9cad,resnet34_add_4_imagenet,loss,downstream,0.7220887120484696,1.6004504800296486,12811
d4ff1b0e803a41a4bbfbf9570bfa7d0c,resnet34_add_5_imagenet,loss,stitching,1.0705251885452503,1.4670912326256724,12811
d4ff1b0e803a41a4bbfbf9570bfa7d0c,resnet34_add_5_imagenet,loss,downstream,0.7463479566221288,1.645570336013448,12811
394a95375cc34d55b0e4048340ad3037,resnet34_add_3_imagenet,loss,stitching,1.252436082069675,1.1963463109549006,12811
394a95375cc34d55b0e4048340ad3037,resnet34_add_3_imagenet,loss,downstream,0.7327343947427724,1.5905195019597957,12811
7c14fecad3b341539d24f09823fb42c0,resnet34_add_5_imagenet,loss,stitching,1.187111641436268,1.2498023240185265,12811
7c14fecad3b341539d24f09823fb42c0,resnet34_add_5_imagenet,loss,downstream,0.777423956942024,1.7610003913017358,12811
c2c7b55a0e354f4799250bea7fc495ab,resnet34_add_4_imagenet,loss,stitching,1.2103082044918378,1.2595432812518381,12811
c2c7b55a0e354f4799250bea7fc495ab,resnet34_add_4_imagenet,loss,downstream,0.7724977930633696,1.713177525357098,12811
04fb50b5ce184f79a474c74770f76855,resnet34_add_7_imagenet,loss,stitching,0.8068646519840197,1.7716361791045085,12811
04fb50b5ce184f79a474c74770f76855,resnet34_add_7_imagenet,loss,downstream,0.7911368532611118,1.8120266779661576,12811
bf1e9aa4ed3b44269d3c70417a2239fb,resnet34_add_8_imagenet,loss,stitching,0.8096391271499175,1.7767648347173088,12811
bf1e9aa4ed3b44269d3c70417a2239fb,resnet34_add_8_imagenet,loss,downstream,0.7886026029851515,1.7974230227316343,12811
000f522cf3074202a28f9b6347206fbf,resnet34_add_10_imagenet,loss,stitching,0.8195143852344919,1.8210931780086357,12811
000f522cf3074202a28f9b6347206fbf,resnet34_add_10_imagenet,loss,downstream,0.8038040173132578,1.8599008484599289,12811
56af5be6a28f49e3be1263cca79d05be,resnet34_add_8_imagenet,loss,stitching,0.8223228673431755,1.781547223505426,12811
56af5be6a28f49e3be1263cca79d05be,resnet34_add_8_imagenet,loss,downstream,0.8005668095716559,1.8081974712849849,12811
594ddfa2cabe46ad8f41f5d368b0ae54,resnet34_add_11_imagenet,loss,stitching,0.8912664249620617,1.9305676671683187,12811
594ddfa2cabe46ad8f41f5d368b0ae54,resnet34_add_11_imagenet,loss,downstream,0.8968152663378118,2.0939071759376113,12811
39ca85db48d94142adb2a27f9d3ef496,resnet34_add_12_imagenet,loss,stitching,0.897374697414365,1.9493843968653426,12811
39ca85db48d94142adb2a27f9d3ef496,resnet34_add_12_imagenet,loss,downstream,0.8700199370482665,2.056053314812119,12811
76fe2f6c9ecd4067bf6acd8cb9b782d2,resnet34_add_13_imagenet,loss,stitching,0.9085290027218921,2.2330103881493306,12811
76fe2f6c9ecd4067bf6acd8cb9b782d2,resnet34_add_13_imagenet,loss,downstream,0.9630824594900053,2.454877579800297,12811
d06b6ba9055842d5920172ca819d4f27,resnet34_add_14_imagenet,loss,stitching,0.9158261448376966,2.373880672812614,12811
d06b6ba9055842d5920172ca819d4f27,resnet34_add_14_imagenet,loss,downstream,0.9489251521064916,2.499256719931035,12811
